-- phpMyAdmin SQL Dump
-- version 4.6.4
-- https://www.phpmyadmin.net/
--
-- Host: 127.0.0.1
-- Generation Time: Oct 25, 2017 at 11:10 PM
-- Server version: 5.7.14
-- PHP Version: 7.0.10

SET SQL_MODE = "NO_AUTO_VALUE_ON_ZERO";
SET time_zone = "+00:00";


/*!40101 SET @OLD_CHARACTER_SET_CLIENT=@@CHARACTER_SET_CLIENT */;
/*!40101 SET @OLD_CHARACTER_SET_RESULTS=@@CHARACTER_SET_RESULTS */;
/*!40101 SET @OLD_COLLATION_CONNECTION=@@COLLATION_CONNECTION */;
/*!40101 SET NAMES utf8mb4 */;

--
-- Database: `cbpgec`
--

-- --------------------------------------------------------

--
-- Table structure for table `ass19`
--

CREATE TABLE `ass19` (
  `ques` varchar(255) DEFAULT NULL,
  `answer` char(40) DEFAULT NULL,
  `op1` char(20) DEFAULT NULL,
  `op2` char(20) DEFAULT NULL,
  `op3` char(20) DEFAULT NULL,
  `op4` char(20) DEFAULT NULL
) ENGINE=InnoDB DEFAULT CHARSET=latin1;

--
-- Dumping data for table `ass19`
--

INSERT INTO `ass19` (`ques`, `answer`, `op1`, `op2`, `op3`, `op4`) VALUES
('ufgd', '', '', '', '', ''),
('ufgd', 'dfws', 'dsvsd', 'dcdszc', 'acudsf', 'adfsef'),
('ufgd', 'dfws', 'dsvsd', 'dcdszc', 'acudsf', 'adfsef');

-- --------------------------------------------------------

--
-- Table structure for table `ass20`
--

CREATE TABLE `ass20` (
  `ques` varchar(255) DEFAULT NULL,
  `answer` char(40) DEFAULT NULL,
  `op1` char(20) DEFAULT NULL,
  `op2` char(20) DEFAULT NULL,
  `op3` char(20) DEFAULT NULL,
  `op4` char(20) DEFAULT NULL
) ENGINE=InnoDB DEFAULT CHARSET=latin1;

--
-- Dumping data for table `ass20`
--

INSERT INTO `ass20` (`ques`, `answer`, `op1`, `op2`, `op3`, `op4`) VALUES
('ufgd', '', '', '', '', ''),
('ufgd', 'dfws', 'dsvsd', 'dcdszc', 'acudsf', 'adfsef'),
('ufgd', 'dfws', 'dsvsd', 'dcdszc', 'acudsf', 'adfsef');

-- --------------------------------------------------------

--
-- Table structure for table `ass21`
--

CREATE TABLE `ass21` (
  `ques` varchar(255) DEFAULT NULL,
  `answer` char(40) DEFAULT NULL,
  `op1` char(20) DEFAULT NULL,
  `op2` char(20) DEFAULT NULL,
  `op3` char(20) DEFAULT NULL,
  `op4` char(20) DEFAULT NULL
) ENGINE=InnoDB DEFAULT CHARSET=latin1;

--
-- Dumping data for table `ass21`
--

INSERT INTO `ass21` (`ques`, `answer`, `op1`, `op2`, `op3`, `op4`) VALUES
('ufgd', '', '', '', '', ''),
('ufgd', 'dfws', 'dsvsd', 'dcdszc', 'acudsf', 'adfsef'),
('ufgd', 'dfws', 'dsvsd', 'dcdszc', 'acudsf', 'adfsef');

-- --------------------------------------------------------

--
-- Table structure for table `ass22`
--

CREATE TABLE `ass22` (
  `ques` varchar(255) DEFAULT NULL,
  `answer` char(40) DEFAULT NULL,
  `op1` char(20) DEFAULT NULL,
  `op2` char(20) DEFAULT NULL,
  `op3` char(20) DEFAULT NULL,
  `op4` char(20) DEFAULT NULL
) ENGINE=InnoDB DEFAULT CHARSET=latin1;

--
-- Dumping data for table `ass22`
--

INSERT INTO `ass22` (`ques`, `answer`, `op1`, `op2`, `op3`, `op4`) VALUES
('ufgd', 'dfws', 'dsvsd', 'dcdszc', 'acudsf', 'adfsef'),
('ufgd', 'dfws', 'dsvsd', 'dcdszc', 'acudsf', 'adfsef'),
('ufgd', '', '', '', '', '');

-- --------------------------------------------------------

--
-- Table structure for table `ass24`
--

CREATE TABLE `ass24` (
  `ques` varchar(255) DEFAULT NULL,
  `answer` char(40) DEFAULT NULL,
  `op1` char(20) DEFAULT NULL,
  `op2` char(20) DEFAULT NULL,
  `op3` char(20) DEFAULT NULL,
  `op4` char(20) DEFAULT NULL
) ENGINE=InnoDB DEFAULT CHARSET=latin1;

--
-- Dumping data for table `ass24`
--

INSERT INTO `ass24` (`ques`, `answer`, `op1`, `op2`, `op3`, `op4`) VALUES
('ufgd', '', '', '', '', ''),
('ufgd', 'dfws', 'dsvsd', 'dcdszc', 'acudsf', 'adfsef'),
('ufgd', 'dfws', 'dsvsd', 'dcdszc', 'acudsf', 'adfsef');

-- --------------------------------------------------------

--
-- Table structure for table `ass25`
--

CREATE TABLE `ass25` (
  `ques` varchar(255) DEFAULT NULL,
  `answer` char(40) DEFAULT NULL,
  `op1` char(20) DEFAULT NULL,
  `op2` char(20) DEFAULT NULL,
  `op3` char(20) DEFAULT NULL,
  `op4` char(20) DEFAULT NULL
) ENGINE=MyISAM DEFAULT CHARSET=latin1;

--
-- Dumping data for table `ass25`
--

INSERT INTO `ass25` (`ques`, `answer`, `op1`, `op2`, `op3`, `op4`) VALUES
('ufgd', 'dfws', 'dsvsd', 'dcdszc', 'acudsf', 'adfsef'),
('ufgd', 'dfws', 'dsvsd', 'dcdszc', 'acudsf', 'adfsef'),
('ufgd', '', '', '', '', '');

-- --------------------------------------------------------

--
-- Table structure for table `ass26`
--

CREATE TABLE `ass26` (
  `ques` varchar(255) DEFAULT NULL,
  `answer` char(40) DEFAULT NULL,
  `op1` char(20) DEFAULT NULL,
  `op2` char(20) DEFAULT NULL,
  `op3` char(20) DEFAULT NULL,
  `op4` char(20) DEFAULT NULL
) ENGINE=MyISAM DEFAULT CHARSET=latin1;

--
-- Dumping data for table `ass26`
--

INSERT INTO `ass26` (`ques`, `answer`, `op1`, `op2`, `op3`, `op4`) VALUES
('ufgd', '', '', '', '', ''),
('ufgd', 'dfws', 'dsvsd', 'dcdszc', 'acudsf', 'adfsef'),
('ufgd', 'dfws', 'dsvsd', 'dcdszc', 'acudsf', 'adfsef');

-- --------------------------------------------------------

--
-- Table structure for table `ass27`
--

CREATE TABLE `ass27` (
  `ques` varchar(255) DEFAULT NULL,
  `answer` char(40) DEFAULT NULL,
  `op1` char(20) DEFAULT NULL,
  `op2` char(20) DEFAULT NULL,
  `op3` char(20) DEFAULT NULL,
  `op4` char(20) DEFAULT NULL
) ENGINE=MyISAM DEFAULT CHARSET=latin1;

--
-- Dumping data for table `ass27`
--

INSERT INTO `ass27` (`ques`, `answer`, `op1`, `op2`, `op3`, `op4`) VALUES
('ufgd', '', '', '', '', ''),
('ufgd', 'dfws', 'dsvsd', 'dcdszc', 'acudsf', 'adfsef'),
('ufgd', 'dfws', 'dsvsd', 'dcdszc', 'acudsf', 'adfsef');

-- --------------------------------------------------------

--
-- Table structure for table `ass28`
--

CREATE TABLE `ass28` (
  `ques` varchar(255) DEFAULT NULL,
  `answer` char(40) DEFAULT NULL,
  `op1` char(20) DEFAULT NULL,
  `op2` char(20) DEFAULT NULL,
  `op3` char(20) DEFAULT NULL,
  `op4` char(20) DEFAULT NULL
) ENGINE=MyISAM DEFAULT CHARSET=latin1;

--
-- Dumping data for table `ass28`
--

INSERT INTO `ass28` (`ques`, `answer`, `op1`, `op2`, `op3`, `op4`) VALUES
('ufgd', 'dfws', 'dsvsd', 'dcdszc', 'acudsf', 'adfsef'),
('ufgd', 'dfws', 'dsvsd', 'dcdszc', 'acudsf', 'adfsef'),
('ufgd', '', '', '', '', '');

-- --------------------------------------------------------

--
-- Table structure for table `ass29`
--

CREATE TABLE `ass29` (
  `ques` varchar(255) DEFAULT NULL,
  `answer` char(40) DEFAULT NULL,
  `op1` char(20) DEFAULT NULL,
  `op2` char(20) DEFAULT NULL,
  `op3` char(20) DEFAULT NULL,
  `op4` char(20) DEFAULT NULL
) ENGINE=MyISAM DEFAULT CHARSET=latin1;

--
-- Dumping data for table `ass29`
--

INSERT INTO `ass29` (`ques`, `answer`, `op1`, `op2`, `op3`, `op4`) VALUES
('ufgd', '', '', '', '', ''),
('ufgd', 'dfws', 'dsvsd', 'dcdszc', 'acudsf', 'adfsef'),
('ufgd', 'dfws', 'dsvsd', 'dcdszc', 'acudsf', 'adfsef');

-- --------------------------------------------------------

--
-- Table structure for table `ass30`
--

CREATE TABLE `ass30` (
  `ques` varchar(255) DEFAULT NULL,
  `answer` char(40) DEFAULT NULL,
  `op1` char(20) DEFAULT NULL,
  `op2` char(20) DEFAULT NULL,
  `op3` char(20) DEFAULT NULL,
  `op4` char(20) DEFAULT NULL
) ENGINE=MyISAM DEFAULT CHARSET=latin1;

--
-- Dumping data for table `ass30`
--

INSERT INTO `ass30` (`ques`, `answer`, `op1`, `op2`, `op3`, `op4`) VALUES
('ufgd', '', '', '', '', ''),
('ufgd', 'dfws', 'dsvsd', 'dcdszc', 'acudsf', 'adfsef'),
('ufgd', 'dfws', 'dsvsd', 'dcdszc', 'acudsf', 'adfsef');

-- --------------------------------------------------------

--
-- Table structure for table `ass31`
--

CREATE TABLE `ass31` (
  `ques` varchar(255) DEFAULT NULL,
  `answer` char(40) DEFAULT NULL,
  `op1` char(20) DEFAULT NULL,
  `op2` char(20) DEFAULT NULL,
  `op3` char(20) DEFAULT NULL,
  `op4` char(20) DEFAULT NULL
) ENGINE=MyISAM DEFAULT CHARSET=latin1;

--
-- Dumping data for table `ass31`
--

INSERT INTO `ass31` (`ques`, `answer`, `op1`, `op2`, `op3`, `op4`) VALUES
('ufgd', '', '', '', '', ''),
('ufgd', 'dfws', 'dsvsd', 'dcdszc', 'acudsf', 'adfsef'),
('ufgd', 'dfws', 'dsvsd', 'dcdszc', 'acudsf', 'adfsef');

-- --------------------------------------------------------

--
-- Table structure for table `ass32`
--

CREATE TABLE `ass32` (
  `ques` varchar(255) DEFAULT NULL,
  `answer` char(40) DEFAULT NULL,
  `op1` char(20) DEFAULT NULL,
  `op2` char(20) DEFAULT NULL,
  `op3` char(20) DEFAULT NULL,
  `op4` char(20) DEFAULT NULL
) ENGINE=MyISAM DEFAULT CHARSET=latin1;

--
-- Dumping data for table `ass32`
--

INSERT INTO `ass32` (`ques`, `answer`, `op1`, `op2`, `op3`, `op4`) VALUES
('ufgd', 'dfws', 'dsvsd', 'dcdszc', 'acudsf', 'adfsef'),
('ufgd', 'dfws', 'dsvsd', 'dcdszc', 'acudsf', 'adfsef'),
('ufgd', '', '', '', '', '');

-- --------------------------------------------------------

--
-- Table structure for table `ass33`
--

CREATE TABLE `ass33` (
  `ques` varchar(255) DEFAULT NULL,
  `answer` char(40) DEFAULT NULL,
  `op1` char(20) DEFAULT NULL,
  `op2` char(20) DEFAULT NULL,
  `op3` char(20) DEFAULT NULL,
  `op4` char(20) DEFAULT NULL
) ENGINE=MyISAM DEFAULT CHARSET=latin1;

--
-- Dumping data for table `ass33`
--

INSERT INTO `ass33` (`ques`, `answer`, `op1`, `op2`, `op3`, `op4`) VALUES
('ufgd', '', '', '', '', ''),
('ufgd', 'dfws', 'dsvsd', 'dcdszc', 'acudsf', 'adfsef'),
('ufgd', 'dfws', 'dsvsd', 'dcdszc', 'acudsf', 'adfsef');

-- --------------------------------------------------------

--
-- Table structure for table `assignment`
--

CREATE TABLE `assignment` (
  `assid` int(20) NOT NULL,
  `heading` varchar(20) NOT NULL,
  `teacherId` varchar(15) NOT NULL,
  `semester` int(5) NOT NULL,
  `startTime` time NOT NULL,
  `endTime` time NOT NULL,
  `department` varchar(10) NOT NULL,
  `subject` varchar(30) NOT NULL,
  `date` date NOT NULL,
  `dateOfTest` date NOT NULL,
  `instructions` varchar(2500) NOT NULL,
  `status` varchar(20) NOT NULL,
  `colorCode` varchar(10) NOT NULL,
  `teacherName` varchar(50) DEFAULT NULL
) ENGINE=InnoDB DEFAULT CHARSET=latin1;

--
-- Dumping data for table `assignment`
--

INSERT INTO `assignment` (`assid`, `heading`, `teacherId`, `semester`, `startTime`, `endTime`, `department`, `subject`, `date`, `dateOfTest`, `instructions`, `status`, `colorCode`, `teacherName`) VALUES
(1, 'dcudu', '4', 4, '00:00:00', '00:00:00', 'it', 'scx', '2012-10-17', '2012-10-17', '', '', '', NULL),
(2, 'dcudu', '4', 4, '11:30:00', '11:55:00', 'it', 'scx', '2012-10-17', '2012-10-17', '', '', '', NULL),
(3, 'dcudu', '4', 4, '11:30:00', '11:55:00', 'it', 'scx', '2012-10-17', '2012-10-17', '', '', '', NULL),
(4, 'dcudu', '4', 4, '11:30:00', '11:55:00', 'it', 'scx', '2012-10-17', '2012-10-17', '', '', '', NULL),
(5, 'dcudu', '4', 4, '11:30:00', '11:55:00', 'it', 'scx', '2012-10-17', '2012-10-17', '', '', '', NULL),
(6, 'dcudu', '4', 5, '11:30:00', '11:55:00', 'it', 'scx', '2012-10-17', '2012-10-17', '', '', '', NULL),
(7, 'dcudu', '4', 5, '11:30:00', '11:55:00', 'it', 'scx', '2012-10-17', '2012-10-17', '', '', '', NULL),
(20, 'dcudu', '1', 5, '11:30:00', '11:55:00', 'it', 'scx', '2012-10-17', '2012-11-17', 'jhbsssssfvjhbh', 'New', '#00AA44', NULL),
(21, 'dcudu', '1', 5, '11:30:00', '11:55:00', 'it', 'scx', '2012-10-17', '2012-12-17', 'jhbsssssfvjhbh', 'New', '#00AA44', NULL),
(22, 'dcudu', '1', 8, '11:30:00', '11:55:00', 'it', 'scx', '2012-10-17', '2012-12-17', 'jhbsssssfvjhbh', 'New', '#00AA44', NULL),
(23, 'dcudu', '1', 8, '11:30:00', '11:55:00', 'it', 'scx', '2017-10-17', '2017-12-17', 'jhbsssssfvjhbh', 'New', '#00AA44', NULL),
(24, 'dcudu', '1', 8, '11:30:00', '11:55:00', 'it', 'scx', '2017-10-17', '2017-12-17', 'jhbsssssfvjhbh', 'New', '#00AA44', NULL),
(25, 'dcudu', '2', 8, '11:30:00', '11:55:00', 'it', 'scx', '2017-10-17', '2017-12-17', 'jhbsssssfvjhbh', 'New', '#00AA44', NULL),
(26, 'dcudu', '2', 8, '11:30:00', '11:55:00', 'it', 'scx', '2017-10-17', '2017-12-17', 'jhbsssssfvjhbh', 'New', '#00AA44', NULL),
(27, 'dcudu', '2', 8, '11:30:00', '11:55:00', 'it', 'scx', '2017-10-17', '2017-12-17', 'jhbsssssfvjhbh', 'New', '#00AA44', NULL),
(28, 'dcudu', '2', 8, '11:30:00', '11:55:00', 'it', 'scx', '2017-10-17', '2017-12-17', 'jhbsssssfvjhbh', 'New', '#00AA44', NULL),
(29, 'dcudu', '2', 8, '11:30:00', '11:55:00', 'it', 'scx', '2017-10-17', '2017-12-17', 'jhbsssssfvjhbh', 'New', '#00AA44', NULL),
(30, 'dcudu', '2', 8, '11:30:00', '11:55:00', 'it', 'scx', '2017-10-17', '2017-12-17', 'jhbsssssfvjhbh', 'New', '#00AA44', NULL),
(31, 'dcudu', '2', 8, '11:30:00', '11:55:00', 'it', 'scx', '2017-10-17', '2017-12-17', 'jhbsssssfvjhbh', 'New', '#00AA44', 'KG Sir'),
(32, 'dcudu', '2', 8, '11:30:00', '11:55:00', 'it', 'scx', '2017-10-17', '2017-12-17', 'jhbsssssfvjhbh', 'New', '#00AA44', 'KG Sir'),
(33, 'dcudu', '2', 8, '11:30:00', '11:55:00', 'it', 'scx', '2017-10-17', '2017-12-17', 'jhbsssssfvjhbh', 'New', '#00AA44', 'KG Sir');

-- --------------------------------------------------------

--
-- Table structure for table `assres19`
--

CREATE TABLE `assres19` (
  `studentId` char(20) DEFAULT NULL
) ENGINE=InnoDB DEFAULT CHARSET=latin1;

-- --------------------------------------------------------

--
-- Table structure for table `assres20`
--

CREATE TABLE `assres20` (
  `studentId` char(20) DEFAULT NULL
) ENGINE=InnoDB DEFAULT CHARSET=latin1;

-- --------------------------------------------------------

--
-- Table structure for table `assres21`
--

CREATE TABLE `assres21` (
  `studentId` char(20) DEFAULT NULL
) ENGINE=InnoDB DEFAULT CHARSET=latin1;

-- --------------------------------------------------------

--
-- Table structure for table `assres22`
--

CREATE TABLE `assres22` (
  `studentId` char(20) DEFAULT NULL
) ENGINE=InnoDB DEFAULT CHARSET=latin1;

-- --------------------------------------------------------

--
-- Table structure for table `assres23`
--

CREATE TABLE `assres23` (
  `studentId` char(20) DEFAULT NULL
) ENGINE=InnoDB DEFAULT CHARSET=latin1;

-- --------------------------------------------------------

--
-- Table structure for table `assres24`
--

CREATE TABLE `assres24` (
  `studentId` char(20) DEFAULT NULL
) ENGINE=InnoDB DEFAULT CHARSET=latin1;

-- --------------------------------------------------------

--
-- Table structure for table `assres25`
--

CREATE TABLE `assres25` (
  `studentId` char(20) DEFAULT NULL,
  `ques1` varchar(255) DEFAULT NULL,
  `ques2` varchar(255) DEFAULT NULL,
  `ques3` varchar(255) DEFAULT NULL
) ENGINE=MyISAM DEFAULT CHARSET=latin1;

-- --------------------------------------------------------

--
-- Table structure for table `assres26`
--

CREATE TABLE `assres26` (
  `studentId` char(20) DEFAULT NULL,
  `ques1` varchar(255) DEFAULT NULL,
  `ques2` varchar(255) DEFAULT NULL,
  `ques3` varchar(255) DEFAULT NULL
) ENGINE=MyISAM DEFAULT CHARSET=latin1;

--
-- Dumping data for table `assres26`
--

INSERT INTO `assres26` (`studentId`, `ques1`, `ques2`, `ques3`) VALUES
('02420703114', '0', '1', '0');

-- --------------------------------------------------------

--
-- Table structure for table `assres27`
--

CREATE TABLE `assres27` (
  `studentId` char(20) DEFAULT NULL,
  `ques1` varchar(255) DEFAULT NULL,
  `ques2` varchar(255) DEFAULT NULL,
  `ques3` varchar(255) DEFAULT NULL
) ENGINE=MyISAM DEFAULT CHARSET=latin1;

--
-- Dumping data for table `assres27`
--

INSERT INTO `assres27` (`studentId`, `ques1`, `ques2`, `ques3`) VALUES
('02420703114', '0', '1', '0'),
('02420703114', '0', '1', '0'),
('02420703114', '0', '1', '0'),
('02420703114', '1', '1', '0');

-- --------------------------------------------------------

--
-- Table structure for table `assres28`
--

CREATE TABLE `assres28` (
  `studentId` char(20) DEFAULT NULL,
  `ques1` varchar(255) DEFAULT NULL,
  `ques2` varchar(255) DEFAULT NULL,
  `ques3` varchar(255) DEFAULT NULL
) ENGINE=MyISAM DEFAULT CHARSET=latin1;

-- --------------------------------------------------------

--
-- Table structure for table `assres29`
--

CREATE TABLE `assres29` (
  `studentId` char(20) DEFAULT NULL,
  `ques1` varchar(255) DEFAULT NULL,
  `ques2` varchar(255) DEFAULT NULL,
  `ques3` varchar(255) DEFAULT NULL
) ENGINE=MyISAM DEFAULT CHARSET=latin1;

-- --------------------------------------------------------

--
-- Table structure for table `assres30`
--

CREATE TABLE `assres30` (
  `studentId` char(20) DEFAULT NULL,
  `ques1` varchar(255) DEFAULT NULL,
  `ques2` varchar(255) DEFAULT NULL,
  `ques3` varchar(255) DEFAULT NULL
) ENGINE=MyISAM DEFAULT CHARSET=latin1;

-- --------------------------------------------------------

--
-- Table structure for table `assres31`
--

CREATE TABLE `assres31` (
  `studentId` char(20) DEFAULT NULL,
  `ques1` varchar(255) DEFAULT NULL,
  `ques2` varchar(255) DEFAULT NULL,
  `ques3` varchar(255) DEFAULT NULL
) ENGINE=MyISAM DEFAULT CHARSET=latin1;

-- --------------------------------------------------------

--
-- Table structure for table `assres32`
--

CREATE TABLE `assres32` (
  `studentId` char(20) DEFAULT NULL,
  `ques1` varchar(255) DEFAULT NULL,
  `ques2` varchar(255) DEFAULT NULL,
  `ques3` varchar(255) DEFAULT NULL
) ENGINE=MyISAM DEFAULT CHARSET=latin1;

-- --------------------------------------------------------

--
-- Table structure for table `assres33`
--

CREATE TABLE `assres33` (
  `studentId` char(20) DEFAULT NULL,
  `ques1` varchar(255) DEFAULT NULL,
  `ques2` varchar(255) DEFAULT NULL,
  `ques3` varchar(255) DEFAULT NULL,
  `total` varchar(50) DEFAULT NULL
) ENGINE=MyISAM DEFAULT CHARSET=latin1;

--
-- Dumping data for table `assres33`
--

INSERT INTO `assres33` (`studentId`, `ques1`, `ques2`, `ques3`, `total`) VALUES
('02420703114', '0', '1', '0', '1'),
('02420703114', '0', '1', '0', '1'),
('02420703114', '1', '1', '1', '3'),
('02420703114', '0', '1', '0', '1'),
('02420703114', '1', '1', '1', '3');

-- --------------------------------------------------------

--
-- Table structure for table `asssol19`
--

CREATE TABLE `asssol19` (
  `studentId` char(20) DEFAULT NULL,
  `ques1` varchar(255) DEFAULT NULL,
  `ques2` varchar(255) DEFAULT NULL,
  `ques3` varchar(255) DEFAULT NULL
) ENGINE=InnoDB DEFAULT CHARSET=latin1;

-- --------------------------------------------------------

--
-- Table structure for table `asssol20`
--

CREATE TABLE `asssol20` (
  `studentId` char(20) DEFAULT NULL,
  `ques1` varchar(255) DEFAULT NULL,
  `ques2` varchar(255) DEFAULT NULL,
  `ques3` varchar(255) DEFAULT NULL
) ENGINE=InnoDB DEFAULT CHARSET=latin1;

-- --------------------------------------------------------

--
-- Table structure for table `asssol21`
--

CREATE TABLE `asssol21` (
  `studentId` char(20) DEFAULT NULL,
  `ques1` varchar(255) DEFAULT NULL,
  `ques2` varchar(255) DEFAULT NULL,
  `ques3` varchar(255) DEFAULT NULL
) ENGINE=InnoDB DEFAULT CHARSET=latin1;

-- --------------------------------------------------------

--
-- Table structure for table `asssol22`
--

CREATE TABLE `asssol22` (
  `studentId` char(20) DEFAULT NULL,
  `ques1` varchar(255) DEFAULT NULL,
  `ques2` varchar(255) DEFAULT NULL,
  `ques3` varchar(255) DEFAULT NULL
) ENGINE=InnoDB DEFAULT CHARSET=latin1;

-- --------------------------------------------------------

--
-- Table structure for table `asssol23`
--

CREATE TABLE `asssol23` (
  `studentId` char(20) DEFAULT NULL,
  `ques1` varchar(255) DEFAULT NULL,
  `ques2` varchar(255) DEFAULT NULL,
  `ques3` varchar(255) DEFAULT NULL
) ENGINE=InnoDB DEFAULT CHARSET=latin1;

-- --------------------------------------------------------

--
-- Table structure for table `asssol24`
--

CREATE TABLE `asssol24` (
  `studentId` char(20) DEFAULT NULL,
  `ques1` varchar(255) DEFAULT NULL,
  `ques2` varchar(255) DEFAULT NULL,
  `ques3` varchar(255) DEFAULT NULL
) ENGINE=InnoDB DEFAULT CHARSET=latin1;

-- --------------------------------------------------------

--
-- Table structure for table `asssol25`
--

CREATE TABLE `asssol25` (
  `studentId` char(20) DEFAULT NULL,
  `ques1` varchar(255) DEFAULT NULL,
  `ques2` varchar(255) DEFAULT NULL,
  `ques3` varchar(255) DEFAULT NULL
) ENGINE=MyISAM DEFAULT CHARSET=latin1;

-- --------------------------------------------------------

--
-- Table structure for table `asssol26`
--

CREATE TABLE `asssol26` (
  `studentId` char(20) DEFAULT NULL,
  `ques1` varchar(255) DEFAULT NULL,
  `ques2` varchar(255) DEFAULT NULL,
  `ques3` varchar(255) DEFAULT NULL
) ENGINE=MyISAM DEFAULT CHARSET=latin1;

--
-- Dumping data for table `asssol26`
--

INSERT INTO `asssol26` (`studentId`, `ques1`, `ques2`, `ques3`) VALUES
('02420703114', '132154654', 'dfws', 'dxfchnfws');

-- --------------------------------------------------------

--
-- Table structure for table `asssol27`
--

CREATE TABLE `asssol27` (
  `studentId` char(20) DEFAULT NULL,
  `ques1` varchar(255) DEFAULT NULL,
  `ques2` varchar(255) DEFAULT NULL,
  `ques3` varchar(255) DEFAULT NULL
) ENGINE=MyISAM DEFAULT CHARSET=latin1;

--
-- Dumping data for table `asssol27`
--

INSERT INTO `asssol27` (`studentId`, `ques1`, `ques2`, `ques3`) VALUES
('02420703114', '132154654', 'dfws', 'dxfchnfws'),
('02420703114', '', 'dfws', 'dxfchnfws'),
('02420703114', '', 'dfws', 'dfws'),
('02420703114', 'dfws', 'dfws', 'dfws');

-- --------------------------------------------------------

--
-- Table structure for table `asssol28`
--

CREATE TABLE `asssol28` (
  `studentId` char(20) DEFAULT NULL,
  `ques1` varchar(255) DEFAULT NULL,
  `ques2` varchar(255) DEFAULT NULL,
  `ques3` varchar(255) DEFAULT NULL
) ENGINE=MyISAM DEFAULT CHARSET=latin1;

-- --------------------------------------------------------

--
-- Table structure for table `asssol29`
--

CREATE TABLE `asssol29` (
  `studentId` char(20) DEFAULT NULL,
  `ques1` varchar(255) DEFAULT NULL,
  `ques2` varchar(255) DEFAULT NULL,
  `ques3` varchar(255) DEFAULT NULL
) ENGINE=MyISAM DEFAULT CHARSET=latin1;

-- --------------------------------------------------------

--
-- Table structure for table `asssol30`
--

CREATE TABLE `asssol30` (
  `studentId` char(20) DEFAULT NULL,
  `ques1` varchar(255) DEFAULT NULL,
  `ques2` varchar(255) DEFAULT NULL,
  `ques3` varchar(255) DEFAULT NULL
) ENGINE=MyISAM DEFAULT CHARSET=latin1;

-- --------------------------------------------------------

--
-- Table structure for table `asssol31`
--

CREATE TABLE `asssol31` (
  `studentId` char(20) DEFAULT NULL,
  `ques1` varchar(255) DEFAULT NULL,
  `ques2` varchar(255) DEFAULT NULL,
  `ques3` varchar(255) DEFAULT NULL
) ENGINE=MyISAM DEFAULT CHARSET=latin1;

-- --------------------------------------------------------

--
-- Table structure for table `asssol32`
--

CREATE TABLE `asssol32` (
  `studentId` char(20) DEFAULT NULL,
  `ques1` varchar(255) DEFAULT NULL,
  `ques2` varchar(255) DEFAULT NULL,
  `ques3` varchar(255) DEFAULT NULL
) ENGINE=MyISAM DEFAULT CHARSET=latin1;

-- --------------------------------------------------------

--
-- Table structure for table `asssol33`
--

CREATE TABLE `asssol33` (
  `studentId` char(20) DEFAULT NULL,
  `ques1` varchar(255) DEFAULT NULL,
  `ques2` varchar(255) DEFAULT NULL,
  `ques3` varchar(255) DEFAULT NULL
) ENGINE=MyISAM DEFAULT CHARSET=latin1;

--
-- Dumping data for table `asssol33`
--

INSERT INTO `asssol33` (`studentId`, `ques1`, `ques2`, `ques3`) VALUES
('02420703114', '132154654', 'dfws', 'dxfchnfws'),
('02420703114', '132154654', 'dfws', 'dxfchnfws'),
('02420703114', '', 'dfws', 'dfws'),
('02420703114', 'dfws', 'dfws', ''),
('02420703114', '', 'dfws', 'dfws'),
('02420703114', '', 'dfws', 'dfws');

-- --------------------------------------------------------

--
-- Table structure for table `bearer`
--

CREATE TABLE `bearer` (
  `bear` int(30) NOT NULL,
  `roll` varchar(20) NOT NULL
) ENGINE=InnoDB DEFAULT CHARSET=latin1;

--
-- Dumping data for table `bearer`
--

INSERT INTO `bearer` (`bear`, `roll`) VALUES
(1, '3'),
(2, '3'),
(3, '3'),
(4, '3'),
(5, '02420703114'),
(6, '1'),
(7, '1');

-- --------------------------------------------------------

--
-- Table structure for table `feedback`
--

CREATE TABLE `feedback` (
  `heading` varchar(100) DEFAULT NULL,
  `message` varchar(200) DEFAULT NULL,
  `id` int(20) NOT NULL
) ENGINE=MyISAM DEFAULT CHARSET=latin1;

--
-- Dumping data for table `feedback`
--

INSERT INTO `feedback` (`heading`, `message`, `id`) VALUES
('Teacher Complaint', 'Not Punctual in taking the class', 2),
('Teacher Complaint', 'Not Punctual in taking the class', 3),
('Teacher Complaint', 'Not Punctual in taking the class', 5);

-- --------------------------------------------------------

--
-- Table structure for table `form`
--

CREATE TABLE `form` (
  `Enrollment_No` varchar(20) NOT NULL,
  `Name` varchar(50) DEFAULT NULL,
  `Email` varchar(100) DEFAULT NULL,
  `Semester` int(10) DEFAULT NULL,
  `Father_Name` varchar(50) DEFAULT NULL,
  `Mother_Name` varchar(50) DEFAULT NULL,
  `Student_Mobile` varchar(15) DEFAULT NULL,
  `Father_Mobile` varchar(15) DEFAULT NULL,
  `Father_Occupation` varchar(100) DEFAULT NULL,
  `Mother_Occupation` varchar(100) DEFAULT NULL,
  `Father_Office_Address` varchar(100) DEFAULT NULL,
  `Permanent_Address` varchar(100) DEFAULT NULL,
  `Correspondence_Address` varchar(100) DEFAULT NULL,
  `Date_Of_Birth` varchar(10) DEFAULT NULL,
  `Training_Details` varchar(100) DEFAULT NULL,
  `Achievement_Details` varchar(100) DEFAULT NULL
) ENGINE=InnoDB DEFAULT CHARSET=utf8;

--
-- Dumping data for table `form`
--

INSERT INTO `form` (`Enrollment_No`, `Name`, `Email`, `Semester`, `Father_Name`, `Mother_Name`, `Student_Mobile`, `Father_Mobile`, `Father_Occupation`, `Mother_Occupation`, `Father_Office_Address`, `Permanent_Address`, `Correspondence_Address`, `Date_Of_Birth`, `Training_Details`, `Achievement_Details`) VALUES
('02620703114', 'Ujjwal Goyal', 'ujwalgoyal.2@gmail.com', 7, 'S.K. Goyal', 'Usha Goyal', '9560986608', '9810191702', 'private job', NULL, 'jhkjzxbg', 'asidghg', 'dvdfhsdfhdsf', '05/08/1996', NULL, 'nothing'),
('02712703114', 'Mohit Goyal', 'mohit.2@gmail.com', 7, 'S.K. Goyal', 'Usha Goyal', '9560986608', '9810191702', 'private job', NULL, 'jhkjzxbg', 'asidghg', 'dvdfhsdfhdsf', '05/08/1996', NULL, 'nothing'),
('02720703114', 'Mohit Goyal', 'mohit.2@gmail.com', 7, 'S.K. Goyal', 'Usha Goyal', '9560986608', '9810191702', 'private job', NULL, 'jhkjzxbg', 'asidghg', 'dvdfhsdfhdsf', '05/08/1996', NULL, 'nothing'),
('02920703114', 'Rohit Goyal', 'rohit.2@gmail.com', 7, 'S.K. Goyal', 'Usha Goyal', '9560986608', '9810191702', 'private job', NULL, 'jhkjzxbg', 'asidghg', 'dvdfhsdfhdsf', '05/08/1996', NULL, 'nothing'),
('02920703115', 'monish Yadav', 'yadav.2@gmail.com', 5, 'ABC. lalu', 'ghj', '9560986608', '123456879', 'private job', NULL, 'jhkjzxbg', 'asidghg', 'dvdfhsdfhdsf', '05/08/1996', NULL, 'nothing'),
('02920703116', 'Lalu Yadav', 'lalu.2@gmail.com', 3, 'ABC. lalu', 'ghj', '9560986608', '123456879', 'private job', NULL, 'jhkjzxbg', 'asidghg', 'dvdfhsdfhdsf', '05/08/1996', NULL, 'nothing'),
('02920703117', 'juyal Goyal', 'juyal.2@gmail.com', 1, 'ABC.K. Goyal', 'XYZ', '9560986608', '9810191702', 'private job', NULL, 'jhkjzxbg', 'asidghg', 'dvdfhsdfhdsf', '05/08/1996', NULL, 'nothing'),
('02920703118', 'Bharat Jain', 'jain.2@gmail.com', 2, 'ABC.K. Jain', 'PQR', '9560986608', '123456879', 'private job', NULL, 'jhkjzxbg', 'asidghg', 'dvdfhsdfhdsf', '05/08/1996', NULL, 'nothing'),
('04520703116', 'Omni Yadav', 'omni.2@gmail.com', 3, 'ABC. lalu', 'ghj', '9560986608', '123456879', 'private job', NULL, 'jhkjzxbg', 'asidghg', 'dvdfhsdfhdsf', '05/08/1996', NULL, 'nothing'),
('04522703116', 'Omnsdi Yadav', 'omnsdfi.2@gmail.com', 3, 'ABC. lalu', 'ghj', '9560986608', '123456879', 'private job', NULL, 'jhkjzxbg', 'asidghg', 'dvdfhsdfhdsf', '05/08/1996', NULL, 'nothing'),
('04522703117', 'Om Yadav', 'mo.2@gmail.com', 2, 'ABC. lalu', 'ghj', '9560986608', '123456879', 'private job', NULL, 'jhkjzxbg', 'asidghg', 'dvdfhsdfhdsf', '05/08/1996', NULL, 'nothing'),
('08522703116', 'Osdffm Yadav', 'asgmo.2@gmail.com', 4, 'ABC. lalu', 'ghj', '9560986608', '123456879', 'private job', NULL, 'jhkjzxbg', 'asidghg', 'dvdfhsdfhdsf', '05/08/1996', NULL, 'nothing'),
('09522703116', 'rtyy Yadav', 'sdfg.2@gmail.com', 4, 'ABC. lalu', 'ghj', '9560986608', '123456879', 'private job', NULL, 'jhkjzxbg', 'asidghg', 'dvdfhsdfhdsf', '05/08/1996', NULL, 'nothing');

-- --------------------------------------------------------

--
-- Table structure for table `logindata`
--

CREATE TABLE `logindata` (
  `Enrollment No` varchar(20) NOT NULL,
  `Password` varchar(20) DEFAULT NULL,
  `Name` varchar(120) DEFAULT NULL,
  `Email` varchar(70) NOT NULL,
  `Semester` int(5) NOT NULL
) ENGINE=InnoDB DEFAULT CHARSET=latin1;

--
-- Dumping data for table `logindata`
--

INSERT INTO `logindata` (`Enrollment No`, `Password`, `Name`, `Email`, `Semester`) VALUES
('02920703114', 'rohit', 'Rohit Goyal', 'rohit.2@gmail.com', 7),
('02920703115', 'monish', 'monish Yadav', 'yadav.2@gmail.com', 5),
('02920703116', 'lalu', 'Lalu Yadav', 'lalu.2@gmail.com', 3),
('02920703117', 'juyal', 'juyal Goyal', 'juyal.2@gmail.com', 1),
('02920703118', 'bharat', 'Bharat Jain', 'jain.2@gmail.com', 2),
('04520703116', 'omni', 'Omni Yadav', 'omni.2@gmail.com', 3),
('04522703116', 'omnsdi', 'Omnsdi Yadav', 'omnsdfi.2@gmail.com', 3),
('04522703117', 'om', 'Om Yadav', 'mo.2@gmail.com', 2),
('08522703116', 'osdffm', 'Osdffm Yadav', 'asgmo.2@gmail.com', 4),
('09522703116', 'rtyy', 'rtyy Yadav', 'sdfg.2@gmail.com', 4);

-- --------------------------------------------------------

--
-- Table structure for table `notice`
--

CREATE TABLE `notice` (
  `noticeId` varchar(50) NOT NULL,
  `DON` date NOT NULL,
  `heading` varchar(100) NOT NULL,
  `content` varchar(500) NOT NULL,
  `file` blob NOT NULL
) ENGINE=InnoDB DEFAULT CHARSET=utf8;

-- --------------------------------------------------------

--
-- Table structure for table `subject`
--

CREATE TABLE `subject` (
  `subId` varchar(50) NOT NULL,
  `subName` varchar(100) NOT NULL,
  `maxCredit` int(20) NOT NULL,
  `semester` int(5) NOT NULL
) ENGINE=InnoDB DEFAULT CHARSET=utf8;

--
-- Dumping data for table `subject`
--

INSERT INTO `subject` (`subId`, `subName`, `maxCredit`, `semester`) VALUES
('1', 'Compiler Design', 7, 5),
('2', 'Operating System', 7, 5),
('3', 'IT', 7, 5),
('4', 'System & Security', 7, 5),
('5', 'Computer Networks', 7, 5),
('6', 'Database', 6, 5);

-- --------------------------------------------------------

--
-- Table structure for table `teacher`
--

CREATE TABLE `teacher` (
  `teacherId` varchar(50) NOT NULL,
  `teacherName` varchar(100) NOT NULL,
  `phoneNumber` varchar(15) NOT NULL
) ENGINE=InnoDB DEFAULT CHARSET=utf8;

--
-- Dumping data for table `teacher`
--

INSERT INTO `teacher` (`teacherId`, `teacherName`, `phoneNumber`) VALUES
('2', 'KG Sir', '9652321456');

-- --------------------------------------------------------

--
-- Table structure for table `teaches`
--

CREATE TABLE `teaches` (
  `teacherId` varchar(50) NOT NULL,
  `subId` int(100) NOT NULL
) ENGINE=InnoDB DEFAULT CHARSET=utf8;

--
-- Dumping data for table `teaches`
--

INSERT INTO `teaches` (`teacherId`, `subId`) VALUES
('2', 3),
('2', 6);

--
-- Indexes for dumped tables
--

--
-- Indexes for table `assignment`
--
ALTER TABLE `assignment`
  ADD PRIMARY KEY (`assid`);

--
-- Indexes for table `bearer`
--
ALTER TABLE `bearer`
  ADD PRIMARY KEY (`bear`);

--
-- Indexes for table `feedback`
--
ALTER TABLE `feedback`
  ADD PRIMARY KEY (`id`);

--
-- Indexes for table `form`
--
ALTER TABLE `form`
  ADD PRIMARY KEY (`Enrollment_No`);

--
-- Indexes for table `logindata`
--
ALTER TABLE `logindata`
  ADD PRIMARY KEY (`Enrollment No`);

--
-- Indexes for table `subject`
--
ALTER TABLE `subject`
  ADD PRIMARY KEY (`subId`);

--
-- Indexes for table `teacher`
--
ALTER TABLE `teacher`
  ADD PRIMARY KEY (`teacherId`);

--
-- Indexes for table `teaches`
--
ALTER TABLE `teaches`
  ADD PRIMARY KEY (`subId`);

--
-- AUTO_INCREMENT for dumped tables
--

--
-- AUTO_INCREMENT for table `feedback`
--
ALTER TABLE `feedback`
  MODIFY `id` int(20) NOT NULL AUTO_INCREMENT, AUTO_INCREMENT=6;
/*!40101 SET CHARACTER_SET_CLIENT=@OLD_CHARACTER_SET_CLIENT */;
/*!40101 SET CHARACTER_SET_RESULTS=@OLD_CHARACTER_SET_RESULTS */;
/*!40101 SET COLLATION_CONNECTION=@OLD_COLLATION_CONNECTION */;
